"","session.id","Predicted.Subject"
"1",11427,"s012"
"2",16577,"s047"
"3",37416,"s031"
"4",71904,"s033"
"5",76503,"s027"
"6",84594,"s021"
"7",100693,"s027"
"8",100974,"s036"
"9",104754,"s026"
"10",110160,"s049"
"11",113792,"s022"
"12",119959,"s015"
"13",133756,"s043"
"14",135716,"s052"
"15",155663,"s008"
"16",159963,"s005"
"17",190978,"s011"
"18",208078,"s052"
"19",209189,"s051"
"20",209226,"s049"
"21",226020,"s046"
"22",242670,"s025"
"23",256685,"s036"
"24",256708,"s042"
"25",263266,"s029"
"26",281140,"s013"
"27",292830,"s012"
"28",293190,"s028"
"29",295640,"s038"
"30",312057,"s040"
"31",342278,"s032"
"32",362338,"s027"
"33",372222,"s034"
"34",374051,"s012"
"35",379063,"s055"
"36",381997,"s008"
"37",391201,"s008"
"38",400432,"s042"
"39",442711,"s005"
"40",451080,"s053"
"41",482438,"s008"
"42",508962,"s027"
"43",510682,"s029"
"44",578711,"s053"
"45",583359,"s039"
"46",604826,"s028"
"47",608636,"s048"
"48",617571,"s010"
"49",652148,"s056"
"50",670222,"s021"
"51",684542,"s018"
"52",689104,"s041"
"53",718651,"s057"
"54",733601,"s054"
"55",759897,"s026"
"56",763206,"s026"
"57",808033,"s024"
"58",818895,"s035"
"59",831921,"s024"
"60",843418,"s050"
"61",848969,"s030"
"62",876532,"s031"
"63",897096,"s043"
"64",912962,"s017"
"65",919322,"s020"
"66",919728,"s044"
"67",943422,"s039"
"68",949976,"s016"
"69",981308,"s011"
"70",982286,"s056"
"71",982616,"s029"
"72",992620,"s019"
"73",995506,"s050"
